sample_index,sim_time_s,mobile_x,mobile_y,mobile_state,mobile_rloc16,parent_extaddr,parent_rloc16,parent_node_guess,parent_link_quality_in,parent_link_quality_out,parent_age,parent_version,parent_switch,connectivity_ok,selected_radio_model,router_a_scan_dbm,router_a_scan_lqi,router_b_scan_dbm,router_b_scan_lqi,ip_counters_json,mle_counters_json,router_a_to_mobile_tx,router_a_to_mobile_rx,router_a_to_mobile_loss_pct,router_a_to_mobile_rtt_min_ms,router_a_to_mobile_rtt_avg_ms,router_a_to_mobile_rtt_max_ms,router_b_to_mobile_tx,router_b_to_mobile_rx,router_b_to_mobile_loss_pct,router_b_to_mobile_rtt_min_ms,router_b_to_mobile_rtt_avg_ms,router_b_to_mobile_rtt_max_ms
0,500.0,100.0,300.0,child,3801,0acea4732051a7b2,3800,router_a,3,3,10,5,False,True,MutualInterference,,,,,"{""RxFailed"": ""0"", ""RxSuccess"": ""56"", ""TxFailed"": ""0"", ""TxSuccess"": ""27""}","{""Attach Attempts"": ""1"", ""Better Parent Attach Attempts"": ""0"", ""Better Partition Attach Attempts"": ""0"", ""Parent Changes"": ""0"", ""Partition Id Changes"": ""1"", ""Role Child"": ""1"", ""Role Detached"": ""1"", ""Role Disabled"": ""0"", ""Role Leader"": ""0"", ""Role Router"": ""0"", ""Time Child Milli"": ""491593"", ""Time Detached Milli"": ""8407"", ""Time Disabled Milli"": ""0"", ""Time Leader Milli"": ""0"", ""Time Router Milli"": ""0"", ""Time Tracked Milli"": ""500000""}",1,1,0.0,6.0,6.0,6.0,1,0,100.0,,,
1,520.0,120.513,300.0,child,3801,0acea4732051a7b2,3800,router_a,3,3,11,5,False,True,MutualInterference,,,,,"{""RxFailed"": ""0"", ""RxSuccess"": ""59"", ""TxFailed"": ""0"", ""TxSuccess"": ""28""}","{""Attach Attempts"": ""1"", ""Better Parent Attach Attempts"": ""0"", ""Better Partition Attach Attempts"": ""0"", ""Parent Changes"": ""0"", ""Partition Id Changes"": ""1"", ""Role Child"": ""1"", ""Role Detached"": ""1"", ""Role Disabled"": ""0"", ""Role Leader"": ""0"", ""Role Router"": ""0"", ""Time Child Milli"": ""511593"", ""Time Detached Milli"": ""8407"", ""Time Disabled Milli"": ""0"", ""Time Leader Milli"": ""0"", ""Time Router Milli"": ""0"", ""Time Tracked Milli"": ""520000""}",1,1,0.0,8.0,8.0,8.0,1,0,100.0,,,
2,540.0,141.026,300.0,child,3801,0acea4732051a7b2,3800,router_a,3,3,7,5,False,True,MutualInterference,,,,,"{""RxFailed"": ""0"", ""RxSuccess"": ""62"", ""TxFailed"": ""0"", ""TxSuccess"": ""29""}","{""Attach Attempts"": ""1"", ""Better Parent Attach Attempts"": ""0"", ""Better Partition Attach Attempts"": ""0"", ""Parent Changes"": ""0"", ""Partition Id Changes"": ""1"", ""Role Child"": ""1"", ""Role Detached"": ""1"", ""Role Disabled"": ""0"", ""Role Leader"": ""0"", ""Role Router"": ""0"", ""Time Child Milli"": ""531593"", ""Time Detached Milli"": ""8407"", ""Time Disabled Milli"": ""0"", ""Time Leader Milli"": ""0"", ""Time Router Milli"": ""0"", ""Time Tracked Milli"": ""540000""}",1,1,0.0,5.0,5.0,5.0,1,0,100.0,,,
3,560.0,161.538,300.0,child,3801,0acea4732051a7b2,3800,router_a,3,3,3,5,False,True,MutualInterference,,,,,"{""RxFailed"": ""0"", ""RxSuccess"": ""65"", ""TxFailed"": ""0"", ""TxSuccess"": ""30""}","{""Attach Attempts"": ""1"", ""Better Parent Attach Attempts"": ""0"", ""Better Partition Attach Attempts"": ""0"", ""Parent Changes"": ""0"", ""Partition Id Changes"": ""1"", ""Role Child"": ""1"", ""Role Detached"": ""1"", ""Role Disabled"": ""0"", ""Role Leader"": ""0"", ""Role Router"": ""0"", ""Time Child Milli"": ""551593"", ""Time Detached Milli"": ""8407"", ""Time Disabled Milli"": ""0"", ""Time Leader Milli"": ""0"", ""Time Router Milli"": ""0"", ""Time Tracked Milli"": ""560000""}",1,1,0.0,7.0,7.0,7.0,1,0,100.0,,,
4,580.0,182.051,300.0,child,3801,0acea4732051a7b2,3800,router_a,3,3,9,5,False,True,MutualInterference,,,,,"{""RxFailed"": ""0"", ""RxSuccess"": ""68"", ""TxFailed"": ""0"", ""TxSuccess"": ""31""}","{""Attach Attempts"": ""1"", ""Better Parent Attach Attempts"": ""0"", ""Better Partition Attach Attempts"": ""0"", ""Parent Changes"": ""0"", ""Partition Id Changes"": ""1"", ""Role Child"": ""1"", ""Role Detached"": ""1"", ""Role Disabled"": ""0"", ""Role Leader"": ""0"", ""Role Router"": ""0"", ""Time Child Milli"": ""571593"", ""Time Detached Milli"": ""8407"", ""Time Disabled Milli"": ""0"", ""Time Leader Milli"": ""0"", ""Time Router Milli"": ""0"", ""Time Tracked Milli"": ""580000""}",1,1,0.0,6.0,6.0,6.0,1,0,100.0,,,
5,600.0,202.564,300.0,child,3801,0acea4732051a7b2,3800,router_a,3,3,2,5,False,True,MutualInterference,,,,,"{""RxFailed"": ""0"", ""RxSuccess"": ""73"", ""TxFailed"": ""0"", ""TxSuccess"": ""32""}","{""Attach Attempts"": ""1"", ""Better Parent Attach Attempts"": ""0"", ""Better Partition Attach Attempts"": ""0"", ""Parent Changes"": ""0"", ""Partition Id Changes"": ""1"", ""Role Child"": ""1"", ""Role Detached"": ""1"", ""Role Disabled"": ""0"", ""Role Leader"": ""0"", ""Role Router"": ""0"", ""Time Child Milli"": ""591593"", ""Time Detached Milli"": ""8407"", ""Time Disabled Milli"": ""0"", ""Time Leader Milli"": ""0"", ""Time Router Milli"": ""0"", ""Time Tracked Milli"": ""600000""}",1,1,0.0,7.0,7.0,7.0,1,0,100.0,,,
6,620.0,223.077,300.0,child,3801,0acea4732051a7b2,3800,router_a,3,3,12,5,False,True,MutualInterference,,,,,"{""RxFailed"": ""0"", ""RxSuccess"": ""77"", ""TxFailed"": ""0"", ""TxSuccess"": ""33""}","{""Attach Attempts"": ""1"", ""Better Parent Attach Attempts"": ""0"", ""Better Partition Attach Attempts"": ""0"", ""Parent Changes"": ""0"", ""Partition Id Changes"": ""1"", ""Role Child"": ""1"", ""Role Detached"": ""1"", ""Role Disabled"": ""0"", ""Role Leader"": ""0"", ""Role Router"": ""0"", ""Time Child Milli"": ""611593"", ""Time Detached Milli"": ""8407"", ""Time Disabled Milli"": ""0"", ""Time Leader Milli"": ""0"", ""Time Router Milli"": ""0"", ""Time Tracked Milli"": ""620000""}",1,1,0.0,8.0,8.0,8.0,1,0,100.0,,,
7,640.0,243.59,300.0,child,3801,0acea4732051a7b2,3800,router_a,3,3,7,5,False,True,MutualInterference,,,,,"{""RxFailed"": ""0"", ""RxSuccess"": ""80"", ""TxFailed"": ""0"", ""TxSuccess"": ""34""}","{""Attach Attempts"": ""1"", ""Better Parent Attach Attempts"": ""0"", ""Better Partition Attach Attempts"": ""0"", ""Parent Changes"": ""0"", ""Partition Id Changes"": ""1"", ""Role Child"": ""1"", ""Role Detached"": ""1"", ""Role Disabled"": ""0"", ""Role Leader"": ""0"", ""Role Router"": ""0"", ""Time Child Milli"": ""631593"", ""Time Detached Milli"": ""8407"", ""Time Disabled Milli"": ""0"", ""Time Leader Milli"": ""0"", ""Time Router Milli"": ""0"", ""Time Tracked Milli"": ""640000""}",1,1,0.0,8.0,8.0,8.0,1,0,100.0,,,
8,660.0,264.103,300.0,child,3801,0acea4732051a7b2,3800,router_a,3,3,4,5,False,True,MutualInterference,,,,,"{""RxFailed"": ""0"", ""RxSuccess"": ""83"", ""TxFailed"": ""0"", ""TxSuccess"": ""35""}","{""Attach Attempts"": ""1"", ""Better Parent Attach Attempts"": ""0"", ""Better Partition Attach Attempts"": ""0"", ""Parent Changes"": ""0"", ""Partition Id Changes"": ""1"", ""Role Child"": ""1"", ""Role Detached"": ""1"", ""Role Disabled"": ""0"", ""Role Leader"": ""0"", ""Role Router"": ""0"", ""Time Child Milli"": ""651593"", ""Time Detached Milli"": ""8407"", ""Time Disabled Milli"": ""0"", ""Time Leader Milli"": ""0"", ""Time Router Milli"": ""0"", ""Time Tracked Milli"": ""660000""}",1,1,0.0,8.0,8.0,8.0,1,0,100.0,,,
9,680.0,284.615,300.0,child,3801,0acea4732051a7b2,3800,router_a,3,3,12,5,False,True,MutualInterference,,,,,"{""RxFailed"": ""0"", ""RxSuccess"": ""86"", ""TxFailed"": ""0"", ""TxSuccess"": ""36""}","{""Attach Attempts"": ""1"", ""Better Parent Attach Attempts"": ""0"", ""Better Partition Attach Attempts"": ""0"", ""Parent Changes"": ""0"", ""Partition Id Changes"": ""1"", ""Role Child"": ""1"", ""Role Detached"": ""1"", ""Role Disabled"": ""0"", ""Role Leader"": ""0"", ""Role Router"": ""0"", ""Time Child Milli"": ""671593"", ""Time Detached Milli"": ""8407"", ""Time Disabled Milli"": ""0"", ""Time Leader Milli"": ""0"", ""Time Router Milli"": ""0"", ""Time Tracked Milli"": ""680000""}",1,1,0.0,6.0,6.0,6.0,1,0,100.0,,,
10,700.0,305.128,300.0,child,3801,0acea4732051a7b2,3800,router_a,3,3,7,5,False,True,MutualInterference,,,,,"{""RxFailed"": ""0"", ""RxSuccess"": ""91"", ""TxFailed"": ""0"", ""TxSuccess"": ""37""}","{""Attach Attempts"": ""1"", ""Better Parent Attach Attempts"": ""0"", ""Better Partition Attach Attempts"": ""0"", ""Parent Changes"": ""0"", ""Partition Id Changes"": ""1"", ""Role Child"": ""1"", ""Role Detached"": ""1"", ""Role Disabled"": ""0"", ""Role Leader"": ""0"", ""Role Router"": ""0"", ""Time Child Milli"": ""691593"", ""Time Detached Milli"": ""8407"", ""Time Disabled Milli"": ""0"", ""Time Leader Milli"": ""0"", ""Time Router Milli"": ""0"", ""Time Tracked Milli"": ""700000""}",1,1,0.0,6.0,6.0,6.0,1,0,100.0,,,
11,720.0,325.641,300.0,child,3801,0acea4732051a7b2,3800,router_a,2,3,27,5,False,True,MutualInterference,,,,,"{""RxFailed"": ""0"", ""RxSuccess"": ""94"", ""TxFailed"": ""0"", ""TxSuccess"": ""39""}","{""Attach Attempts"": ""1"", ""Better Parent Attach Attempts"": ""0"", ""Better Partition Attach Attempts"": ""0"", ""Parent Changes"": ""0"", ""Partition Id Changes"": ""1"", ""Role Child"": ""1"", ""Role Detached"": ""1"", ""Role Disabled"": ""0"", ""Role Leader"": ""0"", ""Role Router"": ""0"", ""Time Child Milli"": ""711593"", ""Time Detached Milli"": ""8407"", ""Time Disabled Milli"": ""0"", ""Time Leader Milli"": ""0"", ""Time Router Milli"": ""0"", ""Time Tracked Milli"": ""720000""}",1,1,0.0,17.0,17.0,17.0,1,0,100.0,,,
12,740.0,346.154,300.0,child,3801,0acea4732051a7b2,3800,router_a,2,3,47,5,False,False,MutualInterference,,,,,"{""RxFailed"": ""0"", ""RxSuccess"": ""94"", ""TxFailed"": ""0"", ""TxSuccess"": ""39""}","{""Attach Attempts"": ""1"", ""Better Parent Attach Attempts"": ""0"", ""Better Partition Attach Attempts"": ""0"", ""Parent Changes"": ""0"", ""Partition Id Changes"": ""1"", ""Role Child"": ""1"", ""Role Detached"": ""1"", ""Role Disabled"": ""0"", ""Role Leader"": ""0"", ""Role Router"": ""0"", ""Time Child Milli"": ""731593"", ""Time Detached Milli"": ""8407"", ""Time Disabled Milli"": ""0"", ""Time Leader Milli"": ""0"", ""Time Router Milli"": ""0"", ""Time Tracked Milli"": ""740000""}",1,0,100.0,,,,1,0,100.0,,,
13,760.0,366.667,300.0,child,3801,0acea4732051a7b2,3800,router_a,2,3,67,5,False,False,MutualInterference,,,,,"{""RxFailed"": ""0"", ""RxSuccess"": ""94"", ""TxFailed"": ""0"", ""TxSuccess"": ""39""}","{""Attach Attempts"": ""1"", ""Better Parent Attach Attempts"": ""0"", ""Better Partition Attach Attempts"": ""0"", ""Parent Changes"": ""0"", ""Partition Id Changes"": ""1"", ""Role Child"": ""1"", ""Role Detached"": ""1"", ""Role Disabled"": ""0"", ""Role Leader"": ""0"", ""Role Router"": ""0"", ""Time Child Milli"": ""751593"", ""Time Detached Milli"": ""8407"", ""Time Disabled Milli"": ""0"", ""Time Leader Milli"": ""0"", ""Time Router Milli"": ""0"", ""Time Tracked Milli"": ""760000""}",1,0,100.0,,,,1,0,100.0,,,
14,780.0,387.179,300.0,child,3801,0acea4732051a7b2,3800,router_a,2,3,4,5,False,True,MutualInterference,,,,,"{""RxFailed"": ""0"", ""RxSuccess"": ""99"", ""TxFailed"": ""0"", ""TxSuccess"": ""40""}","{""Attach Attempts"": ""1"", ""Better Parent Attach Attempts"": ""0"", ""Better Partition Attach Attempts"": ""0"", ""Parent Changes"": ""0"", ""Partition Id Changes"": ""1"", ""Role Child"": ""1"", ""Role Detached"": ""1"", ""Role Disabled"": ""0"", ""Role Leader"": ""0"", ""Role Router"": ""0"", ""Time Child Milli"": ""771593"", ""Time Detached Milli"": ""8407"", ""Time Disabled Milli"": ""0"", ""Time Leader Milli"": ""0"", ""Time Router Milli"": ""0"", ""Time Tracked Milli"": ""780000""}",1,1,0.0,8.0,8.0,8.0,1,0,100.0,,,
15,800.0,407.692,300.0,child,3801,0acea4732051a7b2,3800,router_a,2,3,1,5,False,True,MutualInterference,,,,,"{""RxFailed"": ""0"", ""RxSuccess"": ""104"", ""TxFailed"": ""0"", ""TxSuccess"": ""41""}","{""Attach Attempts"": ""1"", ""Better Parent Attach Attempts"": ""0"", ""Better Partition Attach Attempts"": ""0"", ""Parent Changes"": ""0"", ""Partition Id Changes"": ""1"", ""Role Child"": ""1"", ""Role Detached"": ""1"", ""Role Disabled"": ""0"", ""Role Leader"": ""0"", ""Role Router"": ""0"", ""Time Child Milli"": ""791593"", ""Time Detached Milli"": ""8407"", ""Time Disabled Milli"": ""0"", ""Time Leader Milli"": ""0"", ""Time Router Milli"": ""0"", ""Time Tracked Milli"": ""800000""}",1,1,0.0,7.0,7.0,7.0,1,0,100.0,,,
16,820.0,428.205,300.0,child,3801,0acea4732051a7b2,3800,router_a,2,3,9,5,False,True,MutualInterference,,,,,"{""RxFailed"": ""0"", ""RxSuccess"": ""106"", ""TxFailed"": ""0"", ""TxSuccess"": ""42""}","{""Attach Attempts"": ""1"", ""Better Parent Attach Attempts"": ""0"", ""Better Partition Attach Attempts"": ""0"", ""Parent Changes"": ""0"", ""Partition Id Changes"": ""1"", ""Role Child"": ""1"", ""Role Detached"": ""1"", ""Role Disabled"": ""0"", ""Role Leader"": ""0"", ""Role Router"": ""0"", ""Time Child Milli"": ""811593"", ""Time Detached Milli"": ""8407"", ""Time Disabled Milli"": ""0"", ""Time Leader Milli"": ""0"", ""Time Router Milli"": ""0"", ""Time Tracked Milli"": ""820000""}",1,1,0.0,6.0,6.0,6.0,1,0,100.0,,,
17,840.0,448.718,300.0,child,3801,0acea4732051a7b2,3800,router_a,2,3,3,5,False,True,MutualInterference,,,,,"{""RxFailed"": ""0"", ""RxSuccess"": ""110"", ""TxFailed"": ""0"", ""TxSuccess"": ""43""}","{""Attach Attempts"": ""1"", ""Better Parent Attach Attempts"": ""0"", ""Better Partition Attach Attempts"": ""0"", ""Parent Changes"": ""0"", ""Partition Id Changes"": ""1"", ""Role Child"": ""1"", ""Role Detached"": ""1"", ""Role Disabled"": ""0"", ""Role Leader"": ""0"", ""Role Router"": ""0"", ""Time Child Milli"": ""831593"", ""Time Detached Milli"": ""8407"", ""Time Disabled Milli"": ""0"", ""Time Leader Milli"": ""0"", ""Time Router Milli"": ""0"", ""Time Tracked Milli"": ""840000""}",1,1,0.0,6.0,6.0,6.0,1,0,100.0,,,
18,860.0,469.231,300.0,child,3801,0acea4732051a7b2,3800,router_a,2,3,12,5,False,True,MutualInterference,,,,,"{""RxFailed"": ""0"", ""RxSuccess"": ""114"", ""TxFailed"": ""0"", ""TxSuccess"": ""44""}","{""Attach Attempts"": ""1"", ""Better Parent Attach Attempts"": ""0"", ""Better Partition Attach Attempts"": ""0"", ""Parent Changes"": ""0"", ""Partition Id Changes"": ""1"", ""Role Child"": ""1"", ""Role Detached"": ""1"", ""Role Disabled"": ""0"", ""Role Leader"": ""0"", ""Role Router"": ""0"", ""Time Child Milli"": ""851593"", ""Time Detached Milli"": ""8407"", ""Time Disabled Milli"": ""0"", ""Time Leader Milli"": ""0"", ""Time Router Milli"": ""0"", ""Time Tracked Milli"": ""860000""}",1,1,0.0,5.0,5.0,5.0,1,0,100.0,,,
19,880.0,489.744,300.0,child,3801,0acea4732051a7b2,3800,router_a,2,3,12,5,False,True,MutualInterference,,,,,"{""RxFailed"": ""0"", ""RxSuccess"": ""118"", ""TxFailed"": ""0"", ""TxSuccess"": ""45""}","{""Attach Attempts"": ""1"", ""Better Parent Attach Attempts"": ""0"", ""Better Partition Attach Attempts"": ""0"", ""Parent Changes"": ""0"", ""Partition Id Changes"": ""1"", ""Role Child"": ""1"", ""Role Detached"": ""1"", ""Role Disabled"": ""0"", ""Role Leader"": ""0"", ""Role Router"": ""0"", ""Time Child Milli"": ""871593"", ""Time Detached Milli"": ""8407"", ""Time Disabled Milli"": ""0"", ""Time Leader Milli"": ""0"", ""Time Router Milli"": ""0"", ""Time Tracked Milli"": ""880000""}",1,1,0.0,6.0,6.0,6.0,1,0,100.0,,,
20,900.0,510.256,300.0,child,3801,0acea4732051a7b2,3800,router_a,2,3,2,5,False,True,MutualInterference,,,,,"{""RxFailed"": ""0"", ""RxSuccess"": ""123"", ""TxFailed"": ""0"", ""TxSuccess"": ""46""}","{""Attach Attempts"": ""1"", ""Better Parent Attach Attempts"": ""0"", ""Better Partition Attach Attempts"": ""0"", ""Parent Changes"": ""0"", ""Partition Id Changes"": ""1"", ""Role Child"": ""1"", ""Role Detached"": ""1"", ""Role Disabled"": ""0"", ""Role Leader"": ""0"", ""Role Router"": ""0"", ""Time Child Milli"": ""891593"", ""Time Detached Milli"": ""8407"", ""Time Disabled Milli"": ""0"", ""Time Leader Milli"": ""0"", ""Time Router Milli"": ""0"", ""Time Tracked Milli"": ""900000""}",1,1,0.0,7.0,7.0,7.0,1,0,100.0,,,
21,920.0,530.769,300.0,child,3801,0acea4732051a7b2,3800,router_a,2,3,22,5,False,False,MutualInterference,,,,,"{""RxFailed"": ""0"", ""RxSuccess"": ""125"", ""TxFailed"": ""0"", ""TxSuccess"": ""46""}","{""Attach Attempts"": ""1"", ""Better Parent Attach Attempts"": ""0"", ""Better Partition Attach Attempts"": ""0"", ""Parent Changes"": ""0"", ""Partition Id Changes"": ""1"", ""Role Child"": ""1"", ""Role Detached"": ""1"", ""Role Disabled"": ""0"", ""Role Leader"": ""0"", ""Role Router"": ""0"", ""Time Child Milli"": ""911593"", ""Time Detached Milli"": ""8407"", ""Time Disabled Milli"": ""0"", ""Time Leader Milli"": ""0"", ""Time Router Milli"": ""0"", ""Time Tracked Milli"": ""920000""}",1,0,100.0,,,,1,0,100.0,,,
22,940.0,551.282,300.0,child,3801,0acea4732051a7b2,3800,router_a,2,3,42,5,False,False,MutualInterference,,,,,"{""RxFailed"": ""0"", ""RxSuccess"": ""126"", ""TxFailed"": ""0"", ""TxSuccess"": ""46""}","{""Attach Attempts"": ""1"", ""Better Parent Attach Attempts"": ""0"", ""Better Partition Attach Attempts"": ""0"", ""Parent Changes"": ""0"", ""Partition Id Changes"": ""1"", ""Role Child"": ""1"", ""Role Detached"": ""1"", ""Role Disabled"": ""0"", ""Role Leader"": ""0"", ""Role Router"": ""0"", ""Time Child Milli"": ""931593"", ""Time Detached Milli"": ""8407"", ""Time Disabled Milli"": ""0"", ""Time Leader Milli"": ""0"", ""Time Router Milli"": ""0"", ""Time Tracked Milli"": ""940000""}",1,0,100.0,,,,1,0,100.0,,,
23,960.0,571.795,300.0,child,5801,124de48e95e12c62,5800,router_b,2,2,2,5,True,False,MutualInterference,,,,,"{""RxFailed"": ""0"", ""RxSuccess"": ""132"", ""TxFailed"": ""4"", ""TxSuccess"": ""51""}","{""Attach Attempts"": ""2"", ""Better Parent Attach Attempts"": ""0"", ""Better Partition Attach Attempts"": ""0"", ""Parent Changes"": ""1"", ""Partition Id Changes"": ""2"", ""Role Child"": ""2"", ""Role Detached"": ""2"", ""Role Disabled"": ""0"", ""Role Leader"": ""0"", ""Role Router"": ""0"", ""Time Child Milli"": ""948716"", ""Time Detached Milli"": ""11284"", ""Time Disabled Milli"": ""0"", ""Time Leader Milli"": ""0"", ""Time Router Milli"": ""0"", ""Time Tracked Milli"": ""960000""}",1,0,100.0,,,,1,0,100.0,,,
24,980.0,592.308,300.0,child,5801,124de48e95e12c62,5800,router_b,2,2,2,5,False,True,MutualInterference,,,,,"{""RxFailed"": ""0"", ""RxSuccess"": ""135"", ""TxFailed"": ""4"", ""TxSuccess"": ""52""}","{""Attach Attempts"": ""2"", ""Better Parent Attach Attempts"": ""0"", ""Better Partition Attach Attempts"": ""0"", ""Parent Changes"": ""1"", ""Partition Id Changes"": ""2"", ""Role Child"": ""2"", ""Role Detached"": ""2"", ""Role Disabled"": ""0"", ""Role Leader"": ""0"", ""Role Router"": ""0"", ""Time Child Milli"": ""968716"", ""Time Detached Milli"": ""11284"", ""Time Disabled Milli"": ""0"", ""Time Leader Milli"": ""0"", ""Time Router Milli"": ""0"", ""Time Tracked Milli"": ""980000""}",1,0,100.0,,,,1,1,0.0,7.0,7.0,7.0
25,1000.0,612.821,300.0,child,5801,124de48e95e12c62,5800,router_b,2,2,8,5,False,True,MutualInterference,,,,,"{""RxFailed"": ""0"", ""RxSuccess"": ""137"", ""TxFailed"": ""4"", ""TxSuccess"": ""53""}","{""Attach Attempts"": ""2"", ""Better Parent Attach Attempts"": ""0"", ""Better Partition Attach Attempts"": ""0"", ""Parent Changes"": ""1"", ""Partition Id Changes"": ""2"", ""Role Child"": ""2"", ""Role Detached"": ""2"", ""Role Disabled"": ""0"", ""Role Leader"": ""0"", ""Role Router"": ""0"", ""Time Child Milli"": ""988716"", ""Time Detached Milli"": ""11284"", ""Time Disabled Milli"": ""0"", ""Time Leader Milli"": ""0"", ""Time Router Milli"": ""0"", ""Time Tracked Milli"": ""1000000""}",1,0,100.0,,,,1,1,0.0,4.0,4.0,4.0
26,1020.0,633.333,300.0,child,5801,124de48e95e12c62,5800,router_b,2,2,4,5,False,True,MutualInterference,,,,,"{""RxFailed"": ""0"", ""RxSuccess"": ""142"", ""TxFailed"": ""4"", ""TxSuccess"": ""54""}","{""Attach Attempts"": ""2"", ""Better Parent Attach Attempts"": ""0"", ""Better Partition Attach Attempts"": ""0"", ""Parent Changes"": ""1"", ""Partition Id Changes"": ""2"", ""Role Child"": ""2"", ""Role Detached"": ""2"", ""Role Disabled"": ""0"", ""Role Leader"": ""0"", ""Role Router"": ""0"", ""Time Child Milli"": ""1008716"", ""Time Detached Milli"": ""11284"", ""Time Disabled Milli"": ""0"", ""Time Leader Milli"": ""0"", ""Time Router Milli"": ""0"", ""Time Tracked Milli"": ""1020000""}",1,0,100.0,,,,1,1,0.0,4.0,4.0,4.0
27,1040.0,653.846,300.0,child,5801,124de48e95e12c62,5800,router_b,2,2,13,5,False,True,MutualInterference,,,,,"{""RxFailed"": ""0"", ""RxSuccess"": ""145"", ""TxFailed"": ""4"", ""TxSuccess"": ""55""}","{""Attach Attempts"": ""2"", ""Better Parent Attach Attempts"": ""0"", ""Better Partition Attach Attempts"": ""0"", ""Parent Changes"": ""1"", ""Partition Id Changes"": ""2"", ""Role Child"": ""2"", ""Role Detached"": ""2"", ""Role Disabled"": ""0"", ""Role Leader"": ""0"", ""Role Router"": ""0"", ""Time Child Milli"": ""1028716"", ""Time Detached Milli"": ""11284"", ""Time Disabled Milli"": ""0"", ""Time Leader Milli"": ""0"", ""Time Router Milli"": ""0"", ""Time Tracked Milli"": ""1040000""}",1,0,100.0,,,,1,1,0.0,6.0,6.0,6.0
28,1060.0,674.359,300.0,child,5801,124de48e95e12c62,5800,router_b,2,2,7,5,False,True,MutualInterference,,,,,"{""RxFailed"": ""0"", ""RxSuccess"": ""150"", ""TxFailed"": ""4"", ""TxSuccess"": ""56""}","{""Attach Attempts"": ""2"", ""Better Parent Attach Attempts"": ""0"", ""Better Partition Attach Attempts"": ""0"", ""Parent Changes"": ""1"", ""Partition Id Changes"": ""2"", ""Role Child"": ""2"", ""Role Detached"": ""2"", ""Role Disabled"": ""0"", ""Role Leader"": ""0"", ""Role Router"": ""0"", ""Time Child Milli"": ""1048716"", ""Time Detached Milli"": ""11284"", ""Time Disabled Milli"": ""0"", ""Time Leader Milli"": ""0"", ""Time Router Milli"": ""0"", ""Time Tracked Milli"": ""1060000""}",1,0,100.0,,,,1,1,0.0,6.0,6.0,6.0
29,1080.0,694.872,300.0,child,5801,124de48e95e12c62,5800,router_b,2,2,7,5,False,True,MutualInterference,,,,,"{""RxFailed"": ""0"", ""RxSuccess"": ""155"", ""TxFailed"": ""4"", ""TxSuccess"": ""57""}","{""Attach Attempts"": ""2"", ""Better Parent Attach Attempts"": ""0"", ""Better Partition Attach Attempts"": ""0"", ""Parent Changes"": ""1"", ""Partition Id Changes"": ""2"", ""Role Child"": ""2"", ""Role Detached"": ""2"", ""Role Disabled"": ""0"", ""Role Leader"": ""0"", ""Role Router"": ""0"", ""Time Child Milli"": ""1068716"", ""Time Detached Milli"": ""11284"", ""Time Disabled Milli"": ""0"", ""Time Leader Milli"": ""0"", ""Time Router Milli"": ""0"", ""Time Tracked Milli"": ""1080000""}",1,0,100.0,,,,1,1,0.0,7.0,7.0,7.0
30,1100.0,715.385,300.0,child,5801,124de48e95e12c62,5800,router_b,2,2,1,5,False,True,MutualInterference,,,,,"{""RxFailed"": ""0"", ""RxSuccess"": ""160"", ""TxFailed"": ""4"", ""TxSuccess"": ""58""}","{""Attach Attempts"": ""2"", ""Better Parent Attach Attempts"": ""0"", ""Better Partition Attach Attempts"": ""0"", ""Parent Changes"": ""1"", ""Partition Id Changes"": ""2"", ""Role Child"": ""2"", ""Role Detached"": ""2"", ""Role Disabled"": ""0"", ""Role Leader"": ""0"", ""Role Router"": ""0"", ""Time Child Milli"": ""1088716"", ""Time Detached Milli"": ""11284"", ""Time Disabled Milli"": ""0"", ""Time Leader Milli"": ""0"", ""Time Router Milli"": ""0"", ""Time Tracked Milli"": ""1100000""}",1,0,100.0,,,,1,1,0.0,8.0,8.0,8.0
31,1120.0,735.897,300.0,child,5801,124de48e95e12c62,5800,router_b,3,2,9,5,False,True,MutualInterference,,,,,"{""RxFailed"": ""0"", ""RxSuccess"": ""163"", ""TxFailed"": ""4"", ""TxSuccess"": ""59""}","{""Attach Attempts"": ""2"", ""Better Parent Attach Attempts"": ""0"", ""Better Partition Attach Attempts"": ""0"", ""Parent Changes"": ""1"", ""Partition Id Changes"": ""2"", ""Role Child"": ""2"", ""Role Detached"": ""2"", ""Role Disabled"": ""0"", ""Role Leader"": ""0"", ""Role Router"": ""0"", ""Time Child Milli"": ""1108716"", ""Time Detached Milli"": ""11284"", ""Time Disabled Milli"": ""0"", ""Time Leader Milli"": ""0"", ""Time Router Milli"": ""0"", ""Time Tracked Milli"": ""1120000""}",1,0,100.0,,,,1,1,0.0,7.0,7.0,7.0
32,1140.0,756.41,300.0,child,5801,124de48e95e12c62,5800,router_b,3,2,8,5,False,True,MutualInterference,,,,,"{""RxFailed"": ""0"", ""RxSuccess"": ""168"", ""TxFailed"": ""4"", ""TxSuccess"": ""60""}","{""Attach Attempts"": ""2"", ""Better Parent Attach Attempts"": ""0"", ""Better Partition Attach Attempts"": ""0"", ""Parent Changes"": ""1"", ""Partition Id Changes"": ""2"", ""Role Child"": ""2"", ""Role Detached"": ""2"", ""Role Disabled"": ""0"", ""Role Leader"": ""0"", ""Role Router"": ""0"", ""Time Child Milli"": ""1128716"", ""Time Detached Milli"": ""11284"", ""Time Disabled Milli"": ""0"", ""Time Leader Milli"": ""0"", ""Time Router Milli"": ""0"", ""Time Tracked Milli"": ""1140000""}",1,0,100.0,,,,1,1,0.0,8.0,8.0,8.0
33,1160.0,776.923,300.0,child,5801,124de48e95e12c62,5800,router_b,3,2,15,5,False,True,MutualInterference,,,,,"{""RxFailed"": ""0"", ""RxSuccess"": ""170"", ""TxFailed"": ""4"", ""TxSuccess"": ""61""}","{""Attach Attempts"": ""2"", ""Better Parent Attach Attempts"": ""0"", ""Better Partition Attach Attempts"": ""0"", ""Parent Changes"": ""1"", ""Partition Id Changes"": ""2"", ""Role Child"": ""2"", ""Role Detached"": ""2"", ""Role Disabled"": ""0"", ""Role Leader"": ""0"", ""Role Router"": ""0"", ""Time Child Milli"": ""1148716"", ""Time Detached Milli"": ""11284"", ""Time Disabled Milli"": ""0"", ""Time Leader Milli"": ""0"", ""Time Router Milli"": ""0"", ""Time Tracked Milli"": ""1160000""}",1,0,100.0,,,,1,1,0.0,9.0,9.0,9.0
34,1180.0,797.436,300.0,child,5801,124de48e95e12c62,5800,router_b,3,2,10,5,False,True,MutualInterference,,,,,"{""RxFailed"": ""0"", ""RxSuccess"": ""173"", ""TxFailed"": ""4"", ""TxSuccess"": ""62""}","{""Attach Attempts"": ""2"", ""Better Parent Attach Attempts"": ""0"", ""Better Partition Attach Attempts"": ""0"", ""Parent Changes"": ""1"", ""Partition Id Changes"": ""2"", ""Role Child"": ""2"", ""Role Detached"": ""2"", ""Role Disabled"": ""0"", ""Role Leader"": ""0"", ""Role Router"": ""0"", ""Time Child Milli"": ""1168716"", ""Time Detached Milli"": ""11284"", ""Time Disabled Milli"": ""0"", ""Time Leader Milli"": ""0"", ""Time Router Milli"": ""0"", ""Time Tracked Milli"": ""1180000""}",1,0,100.0,,,,1,1,0.0,6.0,6.0,6.0
35,1200.0,817.949,300.0,child,5801,124de48e95e12c62,5800,router_b,3,3,7,5,False,True,MutualInterference,,,,,"{""RxFailed"": ""0"", ""RxSuccess"": ""177"", ""TxFailed"": ""4"", ""TxSuccess"": ""64""}","{""Attach Attempts"": ""2"", ""Better Parent Attach Attempts"": ""0"", ""Better Partition Attach Attempts"": ""0"", ""Parent Changes"": ""1"", ""Partition Id Changes"": ""2"", ""Role Child"": ""2"", ""Role Detached"": ""2"", ""Role Disabled"": ""0"", ""Role Leader"": ""0"", ""Role Router"": ""0"", ""Time Child Milli"": ""1188716"", ""Time Detached Milli"": ""11284"", ""Time Disabled Milli"": ""0"", ""Time Leader Milli"": ""0"", ""Time Router Milli"": ""0"", ""Time Tracked Milli"": ""1200000""}",1,0,100.0,,,,1,1,0.0,6.0,6.0,6.0
36,1220.0,838.462,300.0,child,5801,124de48e95e12c62,5800,router_b,3,3,3,5,False,True,MutualInterference,,,,,"{""RxFailed"": ""0"", ""RxSuccess"": ""180"", ""TxFailed"": ""4"", ""TxSuccess"": ""65""}","{""Attach Attempts"": ""2"", ""Better Parent Attach Attempts"": ""0"", ""Better Partition Attach Attempts"": ""0"", ""Parent Changes"": ""1"", ""Partition Id Changes"": ""2"", ""Role Child"": ""2"", ""Role Detached"": ""2"", ""Role Disabled"": ""0"", ""Role Leader"": ""0"", ""Role Router"": ""0"", ""Time Child Milli"": ""1208716"", ""Time Detached Milli"": ""11284"", ""Time Disabled Milli"": ""0"", ""Time Leader Milli"": ""0"", ""Time Router Milli"": ""0"", ""Time Tracked Milli"": ""1220000""}",1,0,100.0,,,,1,1,0.0,7.0,7.0,7.0
37,1240.0,858.974,300.0,child,5801,124de48e95e12c62,5800,router_b,3,3,8,5,False,True,MutualInterference,,,,,"{""RxFailed"": ""0"", ""RxSuccess"": ""182"", ""TxFailed"": ""4"", ""TxSuccess"": ""66""}","{""Attach Attempts"": ""2"", ""Better Parent Attach Attempts"": ""0"", ""Better Partition Attach Attempts"": ""0"", ""Parent Changes"": ""1"", ""Partition Id Changes"": ""2"", ""Role Child"": ""2"", ""Role Detached"": ""2"", ""Role Disabled"": ""0"", ""Role Leader"": ""0"", ""Role Router"": ""0"", ""Time Child Milli"": ""1228716"", ""Time Detached Milli"": ""11284"", ""Time Disabled Milli"": ""0"", ""Time Leader Milli"": ""0"", ""Time Router Milli"": ""0"", ""Time Tracked Milli"": ""1240000""}",1,0,100.0,,,,1,1,0.0,7.0,7.0,7.0
38,1260.0,879.487,300.0,child,5801,124de48e95e12c62,5800,router_b,3,3,3,5,False,True,MutualInterference,,,,,"{""RxFailed"": ""0"", ""RxSuccess"": ""185"", ""TxFailed"": ""4"", ""TxSuccess"": ""67""}","{""Attach Attempts"": ""2"", ""Better Parent Attach Attempts"": ""0"", ""Better Partition Attach Attempts"": ""0"", ""Parent Changes"": ""1"", ""Partition Id Changes"": ""2"", ""Role Child"": ""2"", ""Role Detached"": ""2"", ""Role Disabled"": ""0"", ""Role Leader"": ""0"", ""Role Router"": ""0"", ""Time Child Milli"": ""1248716"", ""Time Detached Milli"": ""11284"", ""Time Disabled Milli"": ""0"", ""Time Leader Milli"": ""0"", ""Time Router Milli"": ""0"", ""Time Tracked Milli"": ""1260000""}",1,0,100.0,,,,1,1,0.0,7.0,7.0,7.0
39,1280.0,900.0,300.0,child,5801,124de48e95e12c62,5800,router_b,3,3,2,5,False,True,MutualInterference,,,,,"{""RxFailed"": ""0"", ""RxSuccess"": ""188"", ""TxFailed"": ""4"", ""TxSuccess"": ""68""}","{""Attach Attempts"": ""2"", ""Better Parent Attach Attempts"": ""0"", ""Better Partition Attach Attempts"": ""0"", ""Parent Changes"": ""1"", ""Partition Id Changes"": ""2"", ""Role Child"": ""2"", ""Role Detached"": ""2"", ""Role Disabled"": ""0"", ""Role Leader"": ""0"", ""Role Router"": ""0"", ""Time Child Milli"": ""1268716"", ""Time Detached Milli"": ""11284"", ""Time Disabled Milli"": ""0"", ""Time Leader Milli"": ""0"", ""Time Router Milli"": ""0"", ""Time Tracked Milli"": ""1280000""}",1,0,100.0,,,,1,1,0.0,7.0,7.0,7.0
