sample_index,sim_time_s,mobile_x,mobile_y,mobile_state,mobile_rloc16,parent_extaddr,parent_rloc16,parent_node_guess,parent_link_quality_in,parent_link_quality_out,parent_age,parent_version,parent_switch,connectivity_ok,selected_radio_model,device_profile,thread_device_type,parent_search_config,packet_probe_reliable,primary_parent_observation,router_a_scan_dbm,router_a_scan_lqi,router_b_scan_dbm,router_b_scan_lqi,ip_counters_json,mle_counters_json,router_a_to_mobile_tx,router_a_to_mobile_rx,router_a_to_mobile_loss_pct,router_a_to_mobile_rtt_min_ms,router_a_to_mobile_rtt_avg_ms,router_a_to_mobile_rtt_max_ms,router_b_to_mobile_tx,router_b_to_mobile_rx,router_b_to_mobile_loss_pct,router_b_to_mobile_rtt_min_ms,router_b_to_mobile_rtt_avg_ms,router_b_to_mobile_rtt_max_ms
0,630.0,250.0,360.0,child,0801,62ad1600b7fce5a9,800,router_a,3,3,110,5,False,True,MutualInterference,sleepy_end_device,sed,enabled,False,parent_command,,,,,"{""RxFailed"": ""0"", ""RxSuccess"": ""12"", ""TxFailed"": ""0"", ""TxSuccess"": ""27""}","{""Attach Attempts"": ""1"", ""Better Parent Attach Attempts"": ""0"", ""Better Partition Attach Attempts"": ""0"", ""Parent Changes"": ""0"", ""Partition Id Changes"": ""1"", ""Role Child"": ""1"", ""Role Detached"": ""1"", ""Role Disabled"": ""0"", ""Role Leader"": ""0"", ""Role Router"": ""0"", ""Time Child Milli"": ""621550"", ""Time Detached Milli"": ""8450"", ""Time Disabled Milli"": ""0"", ""Time Leader Milli"": ""0"", ""Time Router Milli"": ""0"", ""Time Tracked Milli"": ""630000""}",1,0,100.0,,,,1,0,100.0,,,
1,660.0,261.429,360.0,child,0801,62ad1600b7fce5a9,800,router_a,3,3,140,5,False,True,MutualInterference,sleepy_end_device,sed,enabled,False,parent_command,,,,,"{""RxFailed"": ""0"", ""RxSuccess"": ""12"", ""TxFailed"": ""0"", ""TxSuccess"": ""27""}","{""Attach Attempts"": ""1"", ""Better Parent Attach Attempts"": ""0"", ""Better Partition Attach Attempts"": ""0"", ""Parent Changes"": ""0"", ""Partition Id Changes"": ""1"", ""Role Child"": ""1"", ""Role Detached"": ""1"", ""Role Disabled"": ""0"", ""Role Leader"": ""0"", ""Role Router"": ""0"", ""Time Child Milli"": ""651550"", ""Time Detached Milli"": ""8450"", ""Time Disabled Milli"": ""0"", ""Time Leader Milli"": ""0"", ""Time Router Milli"": ""0"", ""Time Tracked Milli"": ""660000""}",1,0,100.0,,,,1,0,100.0,,,
2,690.0,272.857,360.0,child,0801,62ad1600b7fce5a9,800,router_a,3,3,170,5,False,True,MutualInterference,sleepy_end_device,sed,enabled,False,parent_command,,,,,"{""RxFailed"": ""0"", ""RxSuccess"": ""12"", ""TxFailed"": ""0"", ""TxSuccess"": ""27""}","{""Attach Attempts"": ""1"", ""Better Parent Attach Attempts"": ""0"", ""Better Partition Attach Attempts"": ""0"", ""Parent Changes"": ""0"", ""Partition Id Changes"": ""1"", ""Role Child"": ""1"", ""Role Detached"": ""1"", ""Role Disabled"": ""0"", ""Role Leader"": ""0"", ""Role Router"": ""0"", ""Time Child Milli"": ""681550"", ""Time Detached Milli"": ""8450"", ""Time Disabled Milli"": ""0"", ""Time Leader Milli"": ""0"", ""Time Router Milli"": ""0"", ""Time Tracked Milli"": ""690000""}",1,0,100.0,,,,1,0,100.0,,,
3,720.0,284.286,360.0,child,0801,62ad1600b7fce5a9,800,router_a,3,3,200,5,False,True,MutualInterference,sleepy_end_device,sed,enabled,False,parent_command,,,,,"{""RxFailed"": ""0"", ""RxSuccess"": ""12"", ""TxFailed"": ""0"", ""TxSuccess"": ""27""}","{""Attach Attempts"": ""1"", ""Better Parent Attach Attempts"": ""0"", ""Better Partition Attach Attempts"": ""0"", ""Parent Changes"": ""0"", ""Partition Id Changes"": ""1"", ""Role Child"": ""1"", ""Role Detached"": ""1"", ""Role Disabled"": ""0"", ""Role Leader"": ""0"", ""Role Router"": ""0"", ""Time Child Milli"": ""711550"", ""Time Detached Milli"": ""8450"", ""Time Disabled Milli"": ""0"", ""Time Leader Milli"": ""0"", ""Time Router Milli"": ""0"", ""Time Tracked Milli"": ""720000""}",1,0,100.0,,,,1,0,100.0,,,
4,750.0,295.714,360.0,child,0801,62ad1600b7fce5a9,800,router_a,3,3,230,5,False,True,MutualInterference,sleepy_end_device,sed,enabled,False,parent_command,,,,,"{""RxFailed"": ""0"", ""RxSuccess"": ""12"", ""TxFailed"": ""0"", ""TxSuccess"": ""27""}","{""Attach Attempts"": ""1"", ""Better Parent Attach Attempts"": ""0"", ""Better Partition Attach Attempts"": ""0"", ""Parent Changes"": ""0"", ""Partition Id Changes"": ""1"", ""Role Child"": ""1"", ""Role Detached"": ""1"", ""Role Disabled"": ""0"", ""Role Leader"": ""0"", ""Role Router"": ""0"", ""Time Child Milli"": ""741550"", ""Time Detached Milli"": ""8450"", ""Time Disabled Milli"": ""0"", ""Time Leader Milli"": ""0"", ""Time Router Milli"": ""0"", ""Time Tracked Milli"": ""750000""}",1,0,100.0,,,,1,0,100.0,,,
5,780.0,307.143,360.0,child,0801,62ad1600b7fce5a9,800,router_a,3,3,4,5,False,True,MutualInterference,sleepy_end_device,sed,enabled,False,parent_command,,,,,"{""RxFailed"": ""0"", ""RxSuccess"": ""25"", ""TxFailed"": ""0"", ""TxSuccess"": ""40""}","{""Attach Attempts"": ""1"", ""Better Parent Attach Attempts"": ""0"", ""Better Partition Attach Attempts"": ""0"", ""Parent Changes"": ""0"", ""Partition Id Changes"": ""1"", ""Role Child"": ""1"", ""Role Detached"": ""1"", ""Role Disabled"": ""0"", ""Role Leader"": ""0"", ""Role Router"": ""0"", ""Time Child Milli"": ""771550"", ""Time Detached Milli"": ""8450"", ""Time Disabled Milli"": ""0"", ""Time Leader Milli"": ""0"", ""Time Router Milli"": ""0"", ""Time Tracked Milli"": ""780000""}",1,0,100.0,,,,1,0,100.0,,,
6,810.0,318.571,360.0,child,0801,62ad1600b7fce5a9,800,router_a,3,3,34,5,False,True,MutualInterference,sleepy_end_device,sed,enabled,False,parent_command,,,,,"{""RxFailed"": ""0"", ""RxSuccess"": ""25"", ""TxFailed"": ""0"", ""TxSuccess"": ""40""}","{""Attach Attempts"": ""1"", ""Better Parent Attach Attempts"": ""0"", ""Better Partition Attach Attempts"": ""0"", ""Parent Changes"": ""0"", ""Partition Id Changes"": ""1"", ""Role Child"": ""1"", ""Role Detached"": ""1"", ""Role Disabled"": ""0"", ""Role Leader"": ""0"", ""Role Router"": ""0"", ""Time Child Milli"": ""801550"", ""Time Detached Milli"": ""8450"", ""Time Disabled Milli"": ""0"", ""Time Leader Milli"": ""0"", ""Time Router Milli"": ""0"", ""Time Tracked Milli"": ""810000""}",1,0,100.0,,,,1,0,100.0,,,
7,840.0,330.0,360.0,child,0801,62ad1600b7fce5a9,800,router_a,3,3,64,5,False,True,MutualInterference,sleepy_end_device,sed,enabled,False,parent_command,,,,,"{""RxFailed"": ""0"", ""RxSuccess"": ""25"", ""TxFailed"": ""0"", ""TxSuccess"": ""40""}","{""Attach Attempts"": ""1"", ""Better Parent Attach Attempts"": ""0"", ""Better Partition Attach Attempts"": ""0"", ""Parent Changes"": ""0"", ""Partition Id Changes"": ""1"", ""Role Child"": ""1"", ""Role Detached"": ""1"", ""Role Disabled"": ""0"", ""Role Leader"": ""0"", ""Role Router"": ""0"", ""Time Child Milli"": ""831550"", ""Time Detached Milli"": ""8450"", ""Time Disabled Milli"": ""0"", ""Time Leader Milli"": ""0"", ""Time Router Milli"": ""0"", ""Time Tracked Milli"": ""840000""}",1,0,100.0,,,,1,0,100.0,,,
8,870.0,341.429,360.0,child,0801,62ad1600b7fce5a9,800,router_a,3,3,94,5,False,True,MutualInterference,sleepy_end_device,sed,enabled,False,parent_command,,,,,"{""RxFailed"": ""0"", ""RxSuccess"": ""25"", ""TxFailed"": ""0"", ""TxSuccess"": ""40""}","{""Attach Attempts"": ""1"", ""Better Parent Attach Attempts"": ""0"", ""Better Partition Attach Attempts"": ""0"", ""Parent Changes"": ""0"", ""Partition Id Changes"": ""1"", ""Role Child"": ""1"", ""Role Detached"": ""1"", ""Role Disabled"": ""0"", ""Role Leader"": ""0"", ""Role Router"": ""0"", ""Time Child Milli"": ""861550"", ""Time Detached Milli"": ""8450"", ""Time Disabled Milli"": ""0"", ""Time Leader Milli"": ""0"", ""Time Router Milli"": ""0"", ""Time Tracked Milli"": ""870000""}",1,0,100.0,,,,1,0,100.0,,,
9,900.0,352.857,360.0,child,0801,62ad1600b7fce5a9,800,router_a,3,3,124,5,False,True,MutualInterference,sleepy_end_device,sed,enabled,False,parent_command,,,,,"{""RxFailed"": ""0"", ""RxSuccess"": ""25"", ""TxFailed"": ""0"", ""TxSuccess"": ""40""}","{""Attach Attempts"": ""1"", ""Better Parent Attach Attempts"": ""0"", ""Better Partition Attach Attempts"": ""0"", ""Parent Changes"": ""0"", ""Partition Id Changes"": ""1"", ""Role Child"": ""1"", ""Role Detached"": ""1"", ""Role Disabled"": ""0"", ""Role Leader"": ""0"", ""Role Router"": ""0"", ""Time Child Milli"": ""891550"", ""Time Detached Milli"": ""8450"", ""Time Disabled Milli"": ""0"", ""Time Leader Milli"": ""0"", ""Time Router Milli"": ""0"", ""Time Tracked Milli"": ""900000""}",1,0,100.0,,,,1,0,100.0,,,
10,930.0,364.286,360.0,child,0801,62ad1600b7fce5a9,800,router_a,3,3,154,5,False,True,MutualInterference,sleepy_end_device,sed,enabled,False,parent_command,,,,,"{""RxFailed"": ""0"", ""RxSuccess"": ""25"", ""TxFailed"": ""0"", ""TxSuccess"": ""40""}","{""Attach Attempts"": ""1"", ""Better Parent Attach Attempts"": ""0"", ""Better Partition Attach Attempts"": ""0"", ""Parent Changes"": ""0"", ""Partition Id Changes"": ""1"", ""Role Child"": ""1"", ""Role Detached"": ""1"", ""Role Disabled"": ""0"", ""Role Leader"": ""0"", ""Role Router"": ""0"", ""Time Child Milli"": ""921550"", ""Time Detached Milli"": ""8450"", ""Time Disabled Milli"": ""0"", ""Time Leader Milli"": ""0"", ""Time Router Milli"": ""0"", ""Time Tracked Milli"": ""930000""}",1,0,100.0,,,,1,0,100.0,,,
11,960.0,375.714,360.0,child,0801,62ad1600b7fce5a9,800,router_a,3,3,184,5,False,True,MutualInterference,sleepy_end_device,sed,enabled,False,parent_command,,,,,"{""RxFailed"": ""0"", ""RxSuccess"": ""38"", ""TxFailed"": ""0"", ""TxSuccess"": ""53""}","{""Attach Attempts"": ""1"", ""Better Parent Attach Attempts"": ""0"", ""Better Partition Attach Attempts"": ""0"", ""Parent Changes"": ""0"", ""Partition Id Changes"": ""1"", ""Role Child"": ""1"", ""Role Detached"": ""1"", ""Role Disabled"": ""0"", ""Role Leader"": ""0"", ""Role Router"": ""0"", ""Time Child Milli"": ""951550"", ""Time Detached Milli"": ""8450"", ""Time Disabled Milli"": ""0"", ""Time Leader Milli"": ""0"", ""Time Router Milli"": ""0"", ""Time Tracked Milli"": ""960000""}",1,0,100.0,,,,1,0,100.0,,,
12,990.0,387.143,360.0,child,0801,62ad1600b7fce5a9,800,router_a,3,3,214,5,False,True,MutualInterference,sleepy_end_device,sed,enabled,False,parent_command,,,,,"{""RxFailed"": ""0"", ""RxSuccess"": ""38"", ""TxFailed"": ""0"", ""TxSuccess"": ""53""}","{""Attach Attempts"": ""1"", ""Better Parent Attach Attempts"": ""0"", ""Better Partition Attach Attempts"": ""0"", ""Parent Changes"": ""0"", ""Partition Id Changes"": ""1"", ""Role Child"": ""1"", ""Role Detached"": ""1"", ""Role Disabled"": ""0"", ""Role Leader"": ""0"", ""Role Router"": ""0"", ""Time Child Milli"": ""981550"", ""Time Detached Milli"": ""8450"", ""Time Disabled Milli"": ""0"", ""Time Leader Milli"": ""0"", ""Time Router Milli"": ""0"", ""Time Tracked Milli"": ""990000""}",1,0,100.0,,,,1,0,100.0,,,
13,1020.0,398.571,360.0,child,0801,62ad1600b7fce5a9,800,router_a,3,3,244,5,False,True,MutualInterference,sleepy_end_device,sed,enabled,False,parent_command,,,,,"{""RxFailed"": ""0"", ""RxSuccess"": ""38"", ""TxFailed"": ""0"", ""TxSuccess"": ""53""}","{""Attach Attempts"": ""1"", ""Better Parent Attach Attempts"": ""0"", ""Better Partition Attach Attempts"": ""0"", ""Parent Changes"": ""0"", ""Partition Id Changes"": ""1"", ""Role Child"": ""1"", ""Role Detached"": ""1"", ""Role Disabled"": ""0"", ""Role Leader"": ""0"", ""Role Router"": ""0"", ""Time Child Milli"": ""1011550"", ""Time Detached Milli"": ""8450"", ""Time Disabled Milli"": ""0"", ""Time Leader Milli"": ""0"", ""Time Router Milli"": ""0"", ""Time Tracked Milli"": ""1020000""}",1,0,100.0,,,,1,0,100.0,,,
14,1050.0,410.0,360.0,child,0801,62ad1600b7fce5a9,800,router_a,3,3,18,5,False,True,MutualInterference,sleepy_end_device,sed,enabled,False,parent_command,,,,,"{""RxFailed"": ""0"", ""RxSuccess"": ""38"", ""TxFailed"": ""0"", ""TxSuccess"": ""53""}","{""Attach Attempts"": ""1"", ""Better Parent Attach Attempts"": ""0"", ""Better Partition Attach Attempts"": ""0"", ""Parent Changes"": ""0"", ""Partition Id Changes"": ""1"", ""Role Child"": ""1"", ""Role Detached"": ""1"", ""Role Disabled"": ""0"", ""Role Leader"": ""0"", ""Role Router"": ""0"", ""Time Child Milli"": ""1041550"", ""Time Detached Milli"": ""8450"", ""Time Disabled Milli"": ""0"", ""Time Leader Milli"": ""0"", ""Time Router Milli"": ""0"", ""Time Tracked Milli"": ""1050000""}",1,0,100.0,,,,1,0,100.0,,,
15,1080.0,421.429,360.0,child,0801,62ad1600b7fce5a9,800,router_a,3,3,48,5,False,True,MutualInterference,sleepy_end_device,sed,enabled,False,parent_command,,,,,"{""RxFailed"": ""0"", ""RxSuccess"": ""38"", ""TxFailed"": ""0"", ""TxSuccess"": ""53""}","{""Attach Attempts"": ""1"", ""Better Parent Attach Attempts"": ""0"", ""Better Partition Attach Attempts"": ""0"", ""Parent Changes"": ""0"", ""Partition Id Changes"": ""1"", ""Role Child"": ""1"", ""Role Detached"": ""1"", ""Role Disabled"": ""0"", ""Role Leader"": ""0"", ""Role Router"": ""0"", ""Time Child Milli"": ""1071550"", ""Time Detached Milli"": ""8450"", ""Time Disabled Milli"": ""0"", ""Time Leader Milli"": ""0"", ""Time Router Milli"": ""0"", ""Time Tracked Milli"": ""1080000""}",1,0,100.0,,,,1,0,100.0,,,
16,1110.0,432.857,360.0,child,0801,62ad1600b7fce5a9,800,router_a,3,3,78,5,False,True,MutualInterference,sleepy_end_device,sed,enabled,False,parent_command,,,,,"{""RxFailed"": ""0"", ""RxSuccess"": ""38"", ""TxFailed"": ""0"", ""TxSuccess"": ""53""}","{""Attach Attempts"": ""1"", ""Better Parent Attach Attempts"": ""0"", ""Better Partition Attach Attempts"": ""0"", ""Parent Changes"": ""0"", ""Partition Id Changes"": ""1"", ""Role Child"": ""1"", ""Role Detached"": ""1"", ""Role Disabled"": ""0"", ""Role Leader"": ""0"", ""Role Router"": ""0"", ""Time Child Milli"": ""1101550"", ""Time Detached Milli"": ""8450"", ""Time Disabled Milli"": ""0"", ""Time Leader Milli"": ""0"", ""Time Router Milli"": ""0"", ""Time Tracked Milli"": ""1110000""}",1,0,100.0,,,,1,0,100.0,,,
17,1140.0,444.286,360.0,child,0801,62ad1600b7fce5a9,800,router_a,3,3,108,5,False,True,MutualInterference,sleepy_end_device,sed,enabled,False,parent_command,,,,,"{""RxFailed"": ""0"", ""RxSuccess"": ""38"", ""TxFailed"": ""0"", ""TxSuccess"": ""53""}","{""Attach Attempts"": ""1"", ""Better Parent Attach Attempts"": ""0"", ""Better Partition Attach Attempts"": ""0"", ""Parent Changes"": ""0"", ""Partition Id Changes"": ""1"", ""Role Child"": ""1"", ""Role Detached"": ""1"", ""Role Disabled"": ""0"", ""Role Leader"": ""0"", ""Role Router"": ""0"", ""Time Child Milli"": ""1131550"", ""Time Detached Milli"": ""8450"", ""Time Disabled Milli"": ""0"", ""Time Leader Milli"": ""0"", ""Time Router Milli"": ""0"", ""Time Tracked Milli"": ""1140000""}",1,0,100.0,,,,1,0,100.0,,,
18,1170.0,455.714,360.0,child,0801,62ad1600b7fce5a9,800,router_a,3,3,138,5,False,True,MutualInterference,sleepy_end_device,sed,enabled,False,parent_command,,,,,"{""RxFailed"": ""0"", ""RxSuccess"": ""53"", ""TxFailed"": ""0"", ""TxSuccess"": ""68""}","{""Attach Attempts"": ""1"", ""Better Parent Attach Attempts"": ""0"", ""Better Partition Attach Attempts"": ""0"", ""Parent Changes"": ""0"", ""Partition Id Changes"": ""1"", ""Role Child"": ""1"", ""Role Detached"": ""1"", ""Role Disabled"": ""0"", ""Role Leader"": ""0"", ""Role Router"": ""0"", ""Time Child Milli"": ""1161550"", ""Time Detached Milli"": ""8450"", ""Time Disabled Milli"": ""0"", ""Time Leader Milli"": ""0"", ""Time Router Milli"": ""0"", ""Time Tracked Milli"": ""1170000""}",1,0,100.0,,,,1,0,100.0,,,
19,1200.0,467.143,360.0,child,0801,62ad1600b7fce5a9,800,router_a,3,3,168,5,False,True,MutualInterference,sleepy_end_device,sed,enabled,False,parent_command,,,,,"{""RxFailed"": ""0"", ""RxSuccess"": ""53"", ""TxFailed"": ""0"", ""TxSuccess"": ""68""}","{""Attach Attempts"": ""1"", ""Better Parent Attach Attempts"": ""0"", ""Better Partition Attach Attempts"": ""0"", ""Parent Changes"": ""0"", ""Partition Id Changes"": ""1"", ""Role Child"": ""1"", ""Role Detached"": ""1"", ""Role Disabled"": ""0"", ""Role Leader"": ""0"", ""Role Router"": ""0"", ""Time Child Milli"": ""1191550"", ""Time Detached Milli"": ""8450"", ""Time Disabled Milli"": ""0"", ""Time Leader Milli"": ""0"", ""Time Router Milli"": ""0"", ""Time Tracked Milli"": ""1200000""}",1,0,100.0,,,,1,0,100.0,,,
20,1230.0,478.571,360.0,child,0801,62ad1600b7fce5a9,800,router_a,3,3,198,5,False,True,MutualInterference,sleepy_end_device,sed,enabled,False,parent_command,,,,,"{""RxFailed"": ""0"", ""RxSuccess"": ""53"", ""TxFailed"": ""0"", ""TxSuccess"": ""68""}","{""Attach Attempts"": ""1"", ""Better Parent Attach Attempts"": ""0"", ""Better Partition Attach Attempts"": ""0"", ""Parent Changes"": ""0"", ""Partition Id Changes"": ""1"", ""Role Child"": ""1"", ""Role Detached"": ""1"", ""Role Disabled"": ""0"", ""Role Leader"": ""0"", ""Role Router"": ""0"", ""Time Child Milli"": ""1221550"", ""Time Detached Milli"": ""8450"", ""Time Disabled Milli"": ""0"", ""Time Leader Milli"": ""0"", ""Time Router Milli"": ""0"", ""Time Tracked Milli"": ""1230000""}",1,0,100.0,,,,1,0,100.0,,,
21,1260.0,490.0,360.0,child,0801,62ad1600b7fce5a9,800,router_a,3,3,228,5,False,True,MutualInterference,sleepy_end_device,sed,enabled,False,parent_command,,,,,"{""RxFailed"": ""0"", ""RxSuccess"": ""53"", ""TxFailed"": ""0"", ""TxSuccess"": ""68""}","{""Attach Attempts"": ""1"", ""Better Parent Attach Attempts"": ""0"", ""Better Partition Attach Attempts"": ""0"", ""Parent Changes"": ""0"", ""Partition Id Changes"": ""1"", ""Role Child"": ""1"", ""Role Detached"": ""1"", ""Role Disabled"": ""0"", ""Role Leader"": ""0"", ""Role Router"": ""0"", ""Time Child Milli"": ""1251550"", ""Time Detached Milli"": ""8450"", ""Time Disabled Milli"": ""0"", ""Time Leader Milli"": ""0"", ""Time Router Milli"": ""0"", ""Time Tracked Milli"": ""1260000""}",1,0,100.0,,,,1,0,100.0,,,
22,1290.0,501.429,360.0,child,0801,62ad1600b7fce5a9,800,router_a,3,3,2,5,False,True,MutualInterference,sleepy_end_device,sed,enabled,False,parent_command,,,,,"{""RxFailed"": ""0"", ""RxSuccess"": ""53"", ""TxFailed"": ""0"", ""TxSuccess"": ""68""}","{""Attach Attempts"": ""1"", ""Better Parent Attach Attempts"": ""0"", ""Better Partition Attach Attempts"": ""0"", ""Parent Changes"": ""0"", ""Partition Id Changes"": ""1"", ""Role Child"": ""1"", ""Role Detached"": ""1"", ""Role Disabled"": ""0"", ""Role Leader"": ""0"", ""Role Router"": ""0"", ""Time Child Milli"": ""1281550"", ""Time Detached Milli"": ""8450"", ""Time Disabled Milli"": ""0"", ""Time Leader Milli"": ""0"", ""Time Router Milli"": ""0"", ""Time Tracked Milli"": ""1290000""}",1,0,100.0,,,,1,0,100.0,,,
23,1320.0,512.857,360.0,child,0801,62ad1600b7fce5a9,800,router_a,3,3,32,5,False,True,MutualInterference,sleepy_end_device,sed,enabled,False,parent_command,,,,,"{""RxFailed"": ""0"", ""RxSuccess"": ""53"", ""TxFailed"": ""0"", ""TxSuccess"": ""68""}","{""Attach Attempts"": ""1"", ""Better Parent Attach Attempts"": ""0"", ""Better Partition Attach Attempts"": ""0"", ""Parent Changes"": ""0"", ""Partition Id Changes"": ""1"", ""Role Child"": ""1"", ""Role Detached"": ""1"", ""Role Disabled"": ""0"", ""Role Leader"": ""0"", ""Role Router"": ""0"", ""Time Child Milli"": ""1311550"", ""Time Detached Milli"": ""8450"", ""Time Disabled Milli"": ""0"", ""Time Leader Milli"": ""0"", ""Time Router Milli"": ""0"", ""Time Tracked Milli"": ""1320000""}",1,0,100.0,,,,1,0,100.0,,,
24,1350.0,524.286,360.0,child,0801,62ad1600b7fce5a9,800,router_a,2,3,62,5,False,True,MutualInterference,sleepy_end_device,sed,enabled,False,parent_command,,,,,"{""RxFailed"": ""0"", ""RxSuccess"": ""66"", ""TxFailed"": ""0"", ""TxSuccess"": ""81""}","{""Attach Attempts"": ""1"", ""Better Parent Attach Attempts"": ""0"", ""Better Partition Attach Attempts"": ""0"", ""Parent Changes"": ""0"", ""Partition Id Changes"": ""1"", ""Role Child"": ""1"", ""Role Detached"": ""1"", ""Role Disabled"": ""0"", ""Role Leader"": ""0"", ""Role Router"": ""0"", ""Time Child Milli"": ""1341550"", ""Time Detached Milli"": ""8450"", ""Time Disabled Milli"": ""0"", ""Time Leader Milli"": ""0"", ""Time Router Milli"": ""0"", ""Time Tracked Milli"": ""1350000""}",1,0,100.0,,,,1,0,100.0,,,
25,1380.0,535.714,360.0,child,0801,62ad1600b7fce5a9,800,router_a,2,3,92,5,False,True,MutualInterference,sleepy_end_device,sed,enabled,False,parent_command,,,,,"{""RxFailed"": ""0"", ""RxSuccess"": ""66"", ""TxFailed"": ""0"", ""TxSuccess"": ""81""}","{""Attach Attempts"": ""1"", ""Better Parent Attach Attempts"": ""0"", ""Better Partition Attach Attempts"": ""0"", ""Parent Changes"": ""0"", ""Partition Id Changes"": ""1"", ""Role Child"": ""1"", ""Role Detached"": ""1"", ""Role Disabled"": ""0"", ""Role Leader"": ""0"", ""Role Router"": ""0"", ""Time Child Milli"": ""1371550"", ""Time Detached Milli"": ""8450"", ""Time Disabled Milli"": ""0"", ""Time Leader Milli"": ""0"", ""Time Router Milli"": ""0"", ""Time Tracked Milli"": ""1380000""}",1,0,100.0,,,,1,0,100.0,,,
26,1410.0,547.143,360.0,child,0801,62ad1600b7fce5a9,800,router_a,2,3,122,5,False,True,MutualInterference,sleepy_end_device,sed,enabled,False,parent_command,,,,,"{""RxFailed"": ""0"", ""RxSuccess"": ""66"", ""TxFailed"": ""0"", ""TxSuccess"": ""81""}","{""Attach Attempts"": ""1"", ""Better Parent Attach Attempts"": ""0"", ""Better Partition Attach Attempts"": ""0"", ""Parent Changes"": ""0"", ""Partition Id Changes"": ""1"", ""Role Child"": ""1"", ""Role Detached"": ""1"", ""Role Disabled"": ""0"", ""Role Leader"": ""0"", ""Role Router"": ""0"", ""Time Child Milli"": ""1401550"", ""Time Detached Milli"": ""8450"", ""Time Disabled Milli"": ""0"", ""Time Leader Milli"": ""0"", ""Time Router Milli"": ""0"", ""Time Tracked Milli"": ""1410000""}",1,0,100.0,,,,1,0,100.0,,,
27,1440.0,558.571,360.0,child,0801,62ad1600b7fce5a9,800,router_a,2,3,152,5,False,True,MutualInterference,sleepy_end_device,sed,enabled,False,parent_command,,,,,"{""RxFailed"": ""0"", ""RxSuccess"": ""66"", ""TxFailed"": ""0"", ""TxSuccess"": ""81""}","{""Attach Attempts"": ""1"", ""Better Parent Attach Attempts"": ""0"", ""Better Partition Attach Attempts"": ""0"", ""Parent Changes"": ""0"", ""Partition Id Changes"": ""1"", ""Role Child"": ""1"", ""Role Detached"": ""1"", ""Role Disabled"": ""0"", ""Role Leader"": ""0"", ""Role Router"": ""0"", ""Time Child Milli"": ""1431550"", ""Time Detached Milli"": ""8450"", ""Time Disabled Milli"": ""0"", ""Time Leader Milli"": ""0"", ""Time Router Milli"": ""0"", ""Time Tracked Milli"": ""1440000""}",1,0,100.0,,,,1,0,100.0,,,
28,1470.0,570.0,360.0,child,0801,62ad1600b7fce5a9,800,router_a,2,3,182,5,False,True,MutualInterference,sleepy_end_device,sed,enabled,False,parent_command,,,,,"{""RxFailed"": ""0"", ""RxSuccess"": ""66"", ""TxFailed"": ""0"", ""TxSuccess"": ""81""}","{""Attach Attempts"": ""1"", ""Better Parent Attach Attempts"": ""0"", ""Better Partition Attach Attempts"": ""0"", ""Parent Changes"": ""0"", ""Partition Id Changes"": ""1"", ""Role Child"": ""1"", ""Role Detached"": ""1"", ""Role Disabled"": ""0"", ""Role Leader"": ""0"", ""Role Router"": ""0"", ""Time Child Milli"": ""1461550"", ""Time Detached Milli"": ""8450"", ""Time Disabled Milli"": ""0"", ""Time Leader Milli"": ""0"", ""Time Router Milli"": ""0"", ""Time Tracked Milli"": ""1470000""}",1,0,100.0,,,,1,0,100.0,,,
29,1500.0,581.429,360.0,child,0801,62ad1600b7fce5a9,800,router_a,2,3,212,5,False,True,MutualInterference,sleepy_end_device,sed,enabled,False,parent_command,,,,,"{""RxFailed"": ""0"", ""RxSuccess"": ""66"", ""TxFailed"": ""0"", ""TxSuccess"": ""81""}","{""Attach Attempts"": ""1"", ""Better Parent Attach Attempts"": ""0"", ""Better Partition Attach Attempts"": ""0"", ""Parent Changes"": ""0"", ""Partition Id Changes"": ""1"", ""Role Child"": ""1"", ""Role Detached"": ""1"", ""Role Disabled"": ""0"", ""Role Leader"": ""0"", ""Role Router"": ""0"", ""Time Child Milli"": ""1491550"", ""Time Detached Milli"": ""8450"", ""Time Disabled Milli"": ""0"", ""Time Leader Milli"": ""0"", ""Time Router Milli"": ""0"", ""Time Tracked Milli"": ""1500000""}",1,0,100.0,,,,1,0,100.0,,,
30,1530.0,592.857,360.0,detached,fffe,,,,,,,,False,False,MutualInterference,sleepy_end_device,sed,enabled,False,parent_command,,,,,"{""RxFailed"": ""0"", ""RxSuccess"": ""66"", ""TxFailed"": ""1"", ""TxSuccess"": ""82""}","{""Attach Attempts"": ""2"", ""Better Parent Attach Attempts"": ""0"", ""Better Partition Attach Attempts"": ""0"", ""Parent Changes"": ""0"", ""Partition Id Changes"": ""1"", ""Role Child"": ""1"", ""Role Detached"": ""2"", ""Role Disabled"": ""0"", ""Role Leader"": ""0"", ""Role Router"": ""0"", ""Time Child Milli"": ""1521401"", ""Time Detached Milli"": ""8599"", ""Time Disabled Milli"": ""0"", ""Time Leader Milli"": ""0"", ""Time Router Milli"": ""0"", ""Time Tracked Milli"": ""1530000""}",1,0,100.0,,,,1,0,100.0,,,
31,1560.0,604.286,360.0,child,6001,ba6b4513b1b3faff,6000,router_b,3,3,29,5,True,True,MutualInterference,sleepy_end_device,sed,enabled,False,parent_command,,,,,"{""RxFailed"": ""0"", ""RxSuccess"": ""68"", ""TxFailed"": ""1"", ""TxSuccess"": ""84""}","{""Attach Attempts"": ""2"", ""Better Parent Attach Attempts"": ""0"", ""Better Partition Attach Attempts"": ""0"", ""Parent Changes"": ""1"", ""Partition Id Changes"": ""1"", ""Role Child"": ""2"", ""Role Detached"": ""2"", ""Role Disabled"": ""0"", ""Role Leader"": ""0"", ""Role Router"": ""0"", ""Time Child Milli"": ""1550584"", ""Time Detached Milli"": ""9416"", ""Time Disabled Milli"": ""0"", ""Time Leader Milli"": ""0"", ""Time Router Milli"": ""0"", ""Time Tracked Milli"": ""1560000""}",1,0,100.0,,,,1,0,100.0,,,
32,1590.0,615.714,360.0,child,6001,ba6b4513b1b3faff,6000,router_b,3,3,59,5,False,True,MutualInterference,sleepy_end_device,sed,enabled,False,parent_command,,,,,"{""RxFailed"": ""0"", ""RxSuccess"": ""68"", ""TxFailed"": ""1"", ""TxSuccess"": ""84""}","{""Attach Attempts"": ""2"", ""Better Parent Attach Attempts"": ""0"", ""Better Partition Attach Attempts"": ""0"", ""Parent Changes"": ""1"", ""Partition Id Changes"": ""1"", ""Role Child"": ""2"", ""Role Detached"": ""2"", ""Role Disabled"": ""0"", ""Role Leader"": ""0"", ""Role Router"": ""0"", ""Time Child Milli"": ""1580584"", ""Time Detached Milli"": ""9416"", ""Time Disabled Milli"": ""0"", ""Time Leader Milli"": ""0"", ""Time Router Milli"": ""0"", ""Time Tracked Milli"": ""1590000""}",1,0,100.0,,,,1,0,100.0,,,
33,1620.0,627.143,360.0,child,6001,ba6b4513b1b3faff,6000,router_b,3,3,89,5,False,True,MutualInterference,sleepy_end_device,sed,enabled,False,parent_command,,,,,"{""RxFailed"": ""0"", ""RxSuccess"": ""68"", ""TxFailed"": ""1"", ""TxSuccess"": ""84""}","{""Attach Attempts"": ""2"", ""Better Parent Attach Attempts"": ""0"", ""Better Partition Attach Attempts"": ""0"", ""Parent Changes"": ""1"", ""Partition Id Changes"": ""1"", ""Role Child"": ""2"", ""Role Detached"": ""2"", ""Role Disabled"": ""0"", ""Role Leader"": ""0"", ""Role Router"": ""0"", ""Time Child Milli"": ""1610584"", ""Time Detached Milli"": ""9416"", ""Time Disabled Milli"": ""0"", ""Time Leader Milli"": ""0"", ""Time Router Milli"": ""0"", ""Time Tracked Milli"": ""1620000""}",1,0,100.0,,,,1,0,100.0,,,
34,1650.0,638.571,360.0,child,6001,ba6b4513b1b3faff,6000,router_b,3,3,119,5,False,True,MutualInterference,sleepy_end_device,sed,enabled,False,parent_command,,,,,"{""RxFailed"": ""0"", ""RxSuccess"": ""68"", ""TxFailed"": ""1"", ""TxSuccess"": ""84""}","{""Attach Attempts"": ""2"", ""Better Parent Attach Attempts"": ""0"", ""Better Partition Attach Attempts"": ""0"", ""Parent Changes"": ""1"", ""Partition Id Changes"": ""1"", ""Role Child"": ""2"", ""Role Detached"": ""2"", ""Role Disabled"": ""0"", ""Role Leader"": ""0"", ""Role Router"": ""0"", ""Time Child Milli"": ""1640584"", ""Time Detached Milli"": ""9416"", ""Time Disabled Milli"": ""0"", ""Time Leader Milli"": ""0"", ""Time Router Milli"": ""0"", ""Time Tracked Milli"": ""1650000""}",1,0,100.0,,,,1,0,100.0,,,
35,1680.0,650.0,360.0,child,6001,ba6b4513b1b3faff,6000,router_b,3,3,149,5,False,True,MutualInterference,sleepy_end_device,sed,enabled,False,parent_command,,,,,"{""RxFailed"": ""0"", ""RxSuccess"": ""68"", ""TxFailed"": ""1"", ""TxSuccess"": ""84""}","{""Attach Attempts"": ""2"", ""Better Parent Attach Attempts"": ""0"", ""Better Partition Attach Attempts"": ""0"", ""Parent Changes"": ""1"", ""Partition Id Changes"": ""1"", ""Role Child"": ""2"", ""Role Detached"": ""2"", ""Role Disabled"": ""0"", ""Role Leader"": ""0"", ""Role Router"": ""0"", ""Time Child Milli"": ""1670584"", ""Time Detached Milli"": ""9416"", ""Time Disabled Milli"": ""0"", ""Time Leader Milli"": ""0"", ""Time Router Milli"": ""0"", ""Time Tracked Milli"": ""1680000""}",1,0,100.0,,,,1,0,100.0,,,
36,1710.0,650.0,360.0,child,6001,ba6b4513b1b3faff,6000,router_b,3,3,179,5,False,True,MutualInterference,sleepy_end_device,sed,enabled,False,parent_command,,,,,"{""RxFailed"": ""0"", ""RxSuccess"": ""68"", ""TxFailed"": ""1"", ""TxSuccess"": ""84""}","{""Attach Attempts"": ""2"", ""Better Parent Attach Attempts"": ""0"", ""Better Partition Attach Attempts"": ""0"", ""Parent Changes"": ""1"", ""Partition Id Changes"": ""1"", ""Role Child"": ""2"", ""Role Detached"": ""2"", ""Role Disabled"": ""0"", ""Role Leader"": ""0"", ""Role Router"": ""0"", ""Time Child Milli"": ""1700584"", ""Time Detached Milli"": ""9416"", ""Time Disabled Milli"": ""0"", ""Time Leader Milli"": ""0"", ""Time Router Milli"": ""0"", ""Time Tracked Milli"": ""1710000""}",1,0,100.0,,,,1,0,100.0,,,
37,1740.0,650.0,360.0,child,6001,ba6b4513b1b3faff,6000,router_b,3,3,209,5,False,True,MutualInterference,sleepy_end_device,sed,enabled,False,parent_command,,,,,"{""RxFailed"": ""0"", ""RxSuccess"": ""81"", ""TxFailed"": ""1"", ""TxSuccess"": ""97""}","{""Attach Attempts"": ""2"", ""Better Parent Attach Attempts"": ""0"", ""Better Partition Attach Attempts"": ""0"", ""Parent Changes"": ""1"", ""Partition Id Changes"": ""1"", ""Role Child"": ""2"", ""Role Detached"": ""2"", ""Role Disabled"": ""0"", ""Role Leader"": ""0"", ""Role Router"": ""0"", ""Time Child Milli"": ""1730584"", ""Time Detached Milli"": ""9416"", ""Time Disabled Milli"": ""0"", ""Time Leader Milli"": ""0"", ""Time Router Milli"": ""0"", ""Time Tracked Milli"": ""1740000""}",1,0,100.0,,,,1,0,100.0,,,
38,1770.0,650.0,360.0,child,6001,ba6b4513b1b3faff,6000,router_b,3,3,239,5,False,True,MutualInterference,sleepy_end_device,sed,enabled,False,parent_command,,,,,"{""RxFailed"": ""0"", ""RxSuccess"": ""81"", ""TxFailed"": ""1"", ""TxSuccess"": ""97""}","{""Attach Attempts"": ""2"", ""Better Parent Attach Attempts"": ""0"", ""Better Partition Attach Attempts"": ""0"", ""Parent Changes"": ""1"", ""Partition Id Changes"": ""1"", ""Role Child"": ""2"", ""Role Detached"": ""2"", ""Role Disabled"": ""0"", ""Role Leader"": ""0"", ""Role Router"": ""0"", ""Time Child Milli"": ""1760584"", ""Time Detached Milli"": ""9416"", ""Time Disabled Milli"": ""0"", ""Time Leader Milli"": ""0"", ""Time Router Milli"": ""0"", ""Time Tracked Milli"": ""1770000""}",1,0,100.0,,,,1,0,100.0,,,
39,1800.0,650.0,360.0,child,6001,ba6b4513b1b3faff,6000,router_b,3,3,13,5,False,True,MutualInterference,sleepy_end_device,sed,enabled,False,parent_command,,,,,"{""RxFailed"": ""0"", ""RxSuccess"": ""81"", ""TxFailed"": ""1"", ""TxSuccess"": ""97""}","{""Attach Attempts"": ""2"", ""Better Parent Attach Attempts"": ""0"", ""Better Partition Attach Attempts"": ""0"", ""Parent Changes"": ""1"", ""Partition Id Changes"": ""1"", ""Role Child"": ""2"", ""Role Detached"": ""2"", ""Role Disabled"": ""0"", ""Role Leader"": ""0"", ""Role Router"": ""0"", ""Time Child Milli"": ""1790584"", ""Time Detached Milli"": ""9416"", ""Time Disabled Milli"": ""0"", ""Time Leader Milli"": ""0"", ""Time Router Milli"": ""0"", ""Time Tracked Milli"": ""1800000""}",1,0,100.0,,,,1,0,100.0,,,
40,1830.0,650.0,360.0,child,6001,ba6b4513b1b3faff,6000,router_b,3,3,43,5,False,True,MutualInterference,sleepy_end_device,sed,enabled,False,parent_command,,,,,"{""RxFailed"": ""0"", ""RxSuccess"": ""81"", ""TxFailed"": ""1"", ""TxSuccess"": ""97""}","{""Attach Attempts"": ""2"", ""Better Parent Attach Attempts"": ""0"", ""Better Partition Attach Attempts"": ""0"", ""Parent Changes"": ""1"", ""Partition Id Changes"": ""1"", ""Role Child"": ""2"", ""Role Detached"": ""2"", ""Role Disabled"": ""0"", ""Role Leader"": ""0"", ""Role Router"": ""0"", ""Time Child Milli"": ""1820584"", ""Time Detached Milli"": ""9416"", ""Time Disabled Milli"": ""0"", ""Time Leader Milli"": ""0"", ""Time Router Milli"": ""0"", ""Time Tracked Milli"": ""1830000""}",1,0,100.0,,,,1,0,100.0,,,
41,1860.0,650.0,360.0,child,6001,ba6b4513b1b3faff,6000,router_b,3,3,73,5,False,True,MutualInterference,sleepy_end_device,sed,enabled,False,parent_command,,,,,"{""RxFailed"": ""0"", ""RxSuccess"": ""81"", ""TxFailed"": ""1"", ""TxSuccess"": ""97""}","{""Attach Attempts"": ""2"", ""Better Parent Attach Attempts"": ""0"", ""Better Partition Attach Attempts"": ""0"", ""Parent Changes"": ""1"", ""Partition Id Changes"": ""1"", ""Role Child"": ""2"", ""Role Detached"": ""2"", ""Role Disabled"": ""0"", ""Role Leader"": ""0"", ""Role Router"": ""0"", ""Time Child Milli"": ""1850584"", ""Time Detached Milli"": ""9416"", ""Time Disabled Milli"": ""0"", ""Time Leader Milli"": ""0"", ""Time Router Milli"": ""0"", ""Time Tracked Milli"": ""1860000""}",1,0,100.0,,,,1,0,100.0,,,
42,1890.0,650.0,360.0,child,6001,ba6b4513b1b3faff,6000,router_b,3,3,103,5,False,True,MutualInterference,sleepy_end_device,sed,enabled,False,parent_command,,,,,"{""RxFailed"": ""0"", ""RxSuccess"": ""81"", ""TxFailed"": ""1"", ""TxSuccess"": ""97""}","{""Attach Attempts"": ""2"", ""Better Parent Attach Attempts"": ""0"", ""Better Partition Attach Attempts"": ""0"", ""Parent Changes"": ""1"", ""Partition Id Changes"": ""1"", ""Role Child"": ""2"", ""Role Detached"": ""2"", ""Role Disabled"": ""0"", ""Role Leader"": ""0"", ""Role Router"": ""0"", ""Time Child Milli"": ""1880584"", ""Time Detached Milli"": ""9416"", ""Time Disabled Milli"": ""0"", ""Time Leader Milli"": ""0"", ""Time Router Milli"": ""0"", ""Time Tracked Milli"": ""1890000""}",1,0,100.0,,,,1,0,100.0,,,
43,1920.0,650.0,360.0,child,6001,ba6b4513b1b3faff,6000,router_b,3,3,133,5,False,True,MutualInterference,sleepy_end_device,sed,enabled,False,parent_command,,,,,"{""RxFailed"": ""0"", ""RxSuccess"": ""94"", ""TxFailed"": ""1"", ""TxSuccess"": ""110""}","{""Attach Attempts"": ""2"", ""Better Parent Attach Attempts"": ""0"", ""Better Partition Attach Attempts"": ""0"", ""Parent Changes"": ""1"", ""Partition Id Changes"": ""1"", ""Role Child"": ""2"", ""Role Detached"": ""2"", ""Role Disabled"": ""0"", ""Role Leader"": ""0"", ""Role Router"": ""0"", ""Time Child Milli"": ""1910584"", ""Time Detached Milli"": ""9416"", ""Time Disabled Milli"": ""0"", ""Time Leader Milli"": ""0"", ""Time Router Milli"": ""0"", ""Time Tracked Milli"": ""1920000""}",1,0,100.0,,,,1,0,100.0,,,
